wordId,japanese,dutch,sourceLevel,sourceLesson,sourceModule,introducedAt,classification,recallCore,sourceFound
"vocab-これ","これ","dit","4","l4-1","","4-1","core","true","true"
"vocab-ねこ","ねこ","kat","4","l4-1","","4-1","core","true","true"
"vocab-いぬ","いぬ","hond","4","l4-1","","4-1","core","true","true"
"vocab-みず","みず","water","4","l4-1","","4-1","core","true","true"
"vocab-パン","パン","brood","4","l4-1","","4-1","core","true","true"
"vocab-それ","それ","dat bij jou","4","l4-2","","4-2","core","true","true"
"vocab-あれ","あれ","dat daar","4","l4-2","","4-2","core","true","true"
"vocab-ほん","ほん","boek","4","l4-2","","4-2","core","true","true"
"vocab-さかな","さかな","vis","4","l4-2","","4-2","core","true","true"
"vocab-わたし","わたし","ik","4","l4-3","","4-3","core","true","true"
"vocab-ひと","ひと","persoon","4","l4-3","","4-3","core","true","true"
"vocab-ともだち","ともだち","vriend","4","l4-3","","4-3","core","true","true"
"vocab-のみます","のみます","drinken","4","l4-7","","4-7","core","true","true"
"vocab-たべます","たべます","eten","4","l4-7","","4-7","core","true","true"
"vocab-みます","みます","kijken / zien","4","l4-7","","4-7","core","true","true"
"vocab-よみます","よみます","lezen","4","l4-8","","4-8","core","true","true"
"vocab-いきます","いきます","gaan","4","l4-9","","4-9","core","true","true"
"vocab-みせ","みせ","winkel","4","l4-9","","4-9","core","true","true"
"vocab-えき","えき","station","4","l4-9","","4-9","core","true","true"
"vocab-うち","うち","huis / thuis","4","l4-9","","4-9","core","true","true"
"vocab-きゃく","きゃく","gast","5","l5-1","","5-1","core","true","true"
"vocab-きょく","きょく","muziekstuk","5","l5-1","","5-1","core","true","true"
"vocab-しゃしん","しゃしん","foto","5","l5-2","","5-2","core","true","true"
"vocab-しゅみ","しゅみ","hobby","5","l5-2","","5-2","core","true","true"
"vocab-しょくじ","しょくじ","maaltijd","5","l5-2","","5-2","core","true","true"
"vocab-おちゃ","おちゃ","thee","5","l5-3","","5-3","core","true","true"
"vocab-ちょきん","ちょきん","spaargeld","5","l5-3","","5-3","core","true","true"
"vocab-じゃま","じゃま","hinder / in de weg","5","l5-3","","5-3","core","true","true"
"vocab-じゅう","じゅう","tien","5","l5-3","","5-3","core","true","true"
"vocab-じょせい","じょせい","vrouw","5","l5-3","","5-3","core","true","true"
"vocab-きって","きって","postzegel","5","l5-4","","5-4","core","true","true"
"vocab-ざっし","ざっし","tijdschrift","5","l5-4","","5-4","core","true","true"
"vocab-ベッド","ベッド","bed","5","l5-4","","5-4","core","true","true"
"vocab-ケーキ","ケーキ","cake","5","l5-5","","5-5","core","true","true"
"vocab-ゲーム","ゲーム","spel","5","l5-5","","5-5","core","true","true"
"vocab-コーヒー","コーヒー","koffie","5","l5-5","","5-5","core","true","true"
"vocab-スーパー","スーパー","supermarkt","5","l5-5","","5-5","core","true","true"
"vocab-タクシー","タクシー","taxi","5","l5-5","","5-5","core","true","true"
"vocab-あなた","あなた","jij","6","l6-1","","6-1","core","true","true"
"vocab-かぞく","かぞく","familie","6","l6-1","","6-1","core","true","true"
"vocab-おとこ","おとこ","man","6","l6-1","","6-1","core","true","true"
"vocab-おんな","おんな","vrouw","6","l6-1","","6-1","core","true","true"
"vocab-ちち","ちち","mijn vader","6","l6-2","","6-2","core","true","true"
"vocab-はは","はは","mijn moeder","6","l6-2","","6-2","core","true","true"
"vocab-おとうさん","おとうさん","vader / iemands vader","6","l6-2","","6-2","core","true","true"
"vocab-おかあさん","おかあさん","moeder / iemands moeder","6","l6-2","","6-2","core","true","true"
"vocab-あに","あに","mijn oudere broer","6","l6-3","","6-3","core","true","true"
"vocab-あね","あね","mijn oudere zus","6","l6-3","","6-3","core","true","true"
"vocab-きょうだい","きょうだい","broers en zussen","6","l6-3","","6-3","core","true","true"
"vocab-だれ","だれ","wie","6","l6-3","","6-3","core","true","true"
"vocab-おとうと","おとうと","jongere broer","6","l6-4","","6-4","core","true","true"
"vocab-いもうと","いもうと","jongere zus","6","l6-4","","6-4","core","true","true"
"vocab-こども","こども","kind","6","l6-4","","6-4","core","true","true"
"vocab-みんな","みんな","iedereen","6","l6-4","","6-4","core","true","true"
"vocab-ひとつ","ひとつ","één ding","7","l7-1","","7-1","core","true","true"
"vocab-ふたつ","ふたつ","twee dingen","7","l7-1","","7-1","core","true","true"
"vocab-みっつ","みっつ","drie dingen","7","l7-1","","7-1","core","true","true"
"vocab-よっつ","よっつ","vier dingen","7","l7-1","","7-1","core","true","true"
"vocab-ひとり","ひとり","één persoon","7","l7-2","","7-2","core","true","true"
"vocab-ふたり","ふたり","twee personen","7","l7-2","","7-2","core","true","true"
"vocab-さんにん","さんにん","drie personen","7","l7-2","","7-2","core","true","true"
"vocab-よにん","よにん","vier personen","7","l7-2","","7-2","core","true","true"
"vocab-いっぴき","いっぴき","één klein dier","7","l7-3","","7-3","core","true","true"
"vocab-にひき","にひき","twee kleine dieren","7","l7-3","","7-3","core","true","true"
"vocab-さんびき","さんびき","drie kleine dieren","7","l7-3","","7-3","core","true","true"
"vocab-なんびき","なんびき","hoeveel kleine dieren","7","l7-3","","7-3","core","true","true"
"vocab-いっぽん","いっぽん","één lang voorwerp","7","l7-4","","7-4","core","true","true"
"vocab-にほん","にほん","twee lange voorwerpen","7","l7-4","","7-4","core","true","true"
"vocab-いちまい","いちまい","één plat voorwerp","7","l7-4","","7-4","core","true","true"
"vocab-にまい","にまい","twee platte voorwerpen","7","l7-4","","7-4","core","true","true"
"vocab-いちばんめ","いちばんめ","eerste","7","l7-5","","7-5","core","true","true"
"vocab-にばんめ","にばんめ","tweede","7","l7-5","","7-5","core","true","true"
"vocab-さんばんめ","さんばんめ","derde","7","l7-5","","7-5","core","true","true"
"vocab-どれ","どれ","welke","7","l7-5","","7-5","core","true","true"
"vocab-げつようび","げつようび","maandag","8","l8-1","","8-1","core","true","true"
"vocab-かようび","かようび","dinsdag","8","l8-1","","8-1","core","true","true"
"vocab-すいようび","すいようび","woensdag","8","l8-1","","8-1","core","true","true"
"vocab-もくようび","もくようび","donderdag","8","l8-1","","8-1","core","true","true"
"vocab-きんようび","きんようび","vrijdag","8","l8-2","","8-2","core","true","true"
"vocab-どようび","どようび","zaterdag","8","l8-2","","8-2","core","true","true"
"vocab-にちようび","にちようび","zondag","8","l8-2","","8-2","core","true","true"
"vocab-なんようび","なんようび","welke dag","8","l8-2","","8-2","core","true","true"
"vocab-きょう","きょう","vandaag","8","l8-3","","8-3","core","true","true"
"vocab-あした","あした","morgen","8","l8-3","","8-3","core","true","true"
"vocab-きのう","きのう","gisteren","8","l8-3","","8-3","core","true","true"
"vocab-こんしゅう","こんしゅう","deze week","8","l8-3","","8-3","core","true","true"
"vocab-いちがつ","いちがつ","januari","8","l8-4","","8-4","core","true","true"
"vocab-にがつ","にがつ","februari","8","l8-4","","8-4","core","true","true"
"vocab-さんがつ","さんがつ","maart","8","l8-4","","8-4","core","true","true"
"vocab-しがつ","しがつ","april","8","l8-4","","8-4","core","true","true"
"vocab-ごがつ","ごがつ","mei","8","l8-4","","8-4","core","true","true"
"vocab-ろくがつ","ろくがつ","juni","8","l8-4","","8-4","core","true","true"
"vocab-しちがつ","しちがつ","juli","8","l8-4","","8-4","core","true","true"
"vocab-はちがつ","はちがつ","augustus","8","l8-4","","8-4","core","true","true"
"vocab-くがつ","くがつ","september","8","l8-4","","8-4","core","true","true"
"vocab-じゅうがつ","じゅうがつ","oktober","8","l8-4","","8-4","core","true","true"
"vocab-じゅういちがつ","じゅういちがつ","november","8","l8-4","","8-4","core","true","true"
"vocab-じゅうにがつ","じゅうにがつ","december","8","l8-4","","8-4","core","true","true"
"vocab-ついたち","ついたち","de eerste dag","21","l21-1","","21-1","preview","false","false"
"vocab-ふつか","ふつか","de tweede dag","21","l21-1","","21-1","preview","false","false"
"vocab-みっか","みっか","de derde dag","21","l21-1","","21-1","preview","false","false"
"vocab-いちじ","いちじ","één uur","8","l8-5","","8-5","core","true","true"
"vocab-にじ","にじ","twee uur","8","l8-5","","8-5","core","true","true"
"vocab-さんじ","さんじ","drie uur","8","l8-5","","8-5","core","true","true"
"vocab-なんじ","なんじ","hoe laat","8","l8-minutes","","8-6","core","true","true"
"vocab-やくそく","やくそく","afspraak","10","l10-3","","10-3","core","true","true"
"vocab-らいしゅう","らいしゅう","volgende week","8","l8-3","","8-3","core","true","true"
"vocab-せんしゅう","せんしゅう","vorige week","8","l8-3","","8-3","core","true","true"
"vocab-いま","いま","nu","8","l8-minutes","","8-6","core","true","true"
"vocab-ここ","ここ","hier","9","l9-1","","9-1","core","true","true"
"vocab-そこ","そこ","daar bij jou","9","l9-1","","9-1","core","true","true"
"vocab-あそこ","あそこ","daar verderop","9","l9-1","","9-1","core","true","true"
"vocab-どこ","どこ","waar","9","l9-1","","9-1","core","true","true"
"vocab-ひだり","ひだり","links","9","l9-2","","9-2","core","true","true"
"vocab-みぎ","みぎ","rechts","9","l9-2","","9-2","core","true","true"
"vocab-まっすぐ","まっすぐ","rechtdoor","9","l9-2","","9-2","core","true","true"
"vocab-みち","みち","weg","9","l9-2","","9-2","core","true","true"
"vocab-まえ","まえ","voor","9","l9-3","","9-3","core","true","true"
"vocab-うしろ","うしろ","achter","9","l9-3","","9-3","core","true","true"
"vocab-となり","となり","naast","9","l9-3","","9-3","core","true","true"
"vocab-なか","なか","binnen","9","l9-3","","9-3","core","true","true"
"vocab-うえ","うえ","boven / op","9","l9-4","","9-4","core","true","true"
"vocab-した","した","onder","9","l9-4","","9-4","core","true","true"
"vocab-そと","そと","buiten","9","l9-4","","9-4","core","true","true"
"vocab-ちかく","ちかく","dichtbij","9","l9-4","","9-4","core","true","true"
"vocab-こうえん","こうえん","park","9","l9-5","","9-5","core","true","true"
"vocab-がっこう","がっこう","school","9","l9-5","","9-5","core","true","true"
"vocab-レストラン","レストラン","restaurant","9","l9-5","","9-5","core","true","true"
"vocab-ちず","ちず","kaart","9","l9-5","","9-5","core","true","true"
"vocab-ください","ください","alstublieft / geef mij","10","l10-1","","10-1","core","true","true"
"vocab-いくら","いくら","hoeveel kost het","10","l10-1","","10-1","core","true","true"
"vocab-おかね","おかね","geld","10","l10-1","","10-1","core","true","true"
"vocab-かいます","かいます","kopen","10","l10-1","","10-1","core","true","true"
"vocab-メニュー","メニュー","menu","10","l10-2","","10-2","core","true","true"
"vocab-みせて","みせて","laat zien","10","l10-2","","10-2","core","true","true"
"vocab-あいます","あいます","ontmoeten","10","l10-3","","10-3","core","true","true"
"vocab-いつ","いつ","wanneer","10","l10-3","","10-3","core","true","true"
"vocab-いっしょに","いっしょに","samen","10","l10-3","","10-3","core","true","true"
"vocab-だいじょうぶ","だいじょうぶ","in orde","10","l10-3","","10-3","core","true","true"
"vocab-でんしゃ","でんしゃ","trein","10","l10-4","","10-4","core","true","true"
"vocab-バス","バス","bus","10","l10-4","","10-4","core","true","true"
"vocab-のります","のります","instappen / nemen","10","l10-4","","10-4","core","true","true"
"vocab-おります","おります","uitstappen","10","l10-4","","10-4","core","true","true"
"vocab-かばん","かばん","tas","12","l12-3","B","12-3-B","core","true","true"
"vocab-テレビ","テレビ","televisie","4","l4-2","","","legacy","false","false"
"vocab-もの","もの","ding","4","l4-3","","","legacy","false","false"
"vocab-にく","にく","vlees","15","l11-3","A","15-3-A","core","true","true"
"vocab-やさい","やさい","groente","15","l11-1","A","15-1-A","core","true","true"
"vocab-くだもの","くだもの","fruit","15","l11-1","A","15-1-A","core","true","true"
"vocab-たまご","たまご","ei","15","l11-2","A","15-2-A","core","true","true"
"vocab-なん","なん","wat","4","l4-5","","","legacy","false","false"
"vocab-はい","はい","ja","4","l4-5","","","legacy","false","false"
"vocab-いいえ","いいえ","nee","4","l4-5","","","legacy","false","false"
"vocab-すし","すし","sushi","4","l4-6","","","legacy","false","false"
"vocab-ごはん","ごはん","rijst / maaltijd","4","l4-6","","","legacy","false","false"
"vocab-さけ","さけ","sake","4","l4-6","","","legacy","false","false"
"vocab-りんご","りんご","appel","15","l11-1","A","15-1-A","core","true","true"
"vocab-バナナ","バナナ","banaan","4","l4-6","","","legacy","false","false"
"vocab-ききます","ききます","luisteren","4","l4-7","","","legacy","false","false"
"vocab-きます","きます","komen","4","l4-8","","","legacy","false","false"
"vocab-かえります","かえります","teruggaan","15","l11-5","A","15-5-A","core","true","true"
"vocab-ねます","ねます","slapen","4","l4-8","","","legacy","false","false"
"vocab-おきます","おきます","opstaan","4","l4-8","","","legacy","false","false"
"vocab-いえ","いえ","huis","4","l4-9","","","legacy","false","false"
"vocab-うみ","うみ","zee","4","l4-9","","","legacy","false","false"
"vocab-ホテル","ホテル","hotel","12","l12-5","B","12-5-B","core","true","true"
"vocab-レベル","レベル","level","11","l11-home-1","A","11-1-A","core","true","true"
"vocab-レッスン","レッスン","les","11","l11-home-1","A","11-1-A","core","true","true"
"vocab-しつもん","しつもん","vraag","11","l11-home-1","A","11-1-A","core","true","true"
"vocab-こたえ","こたえ","antwoord","11","l11-home-1","A","11-1-A","core","true","true"
"vocab-えらびます","えらびます","kiezen","11","l11-home-1","A","11-1-A","core","true","true"
"vocab-もんだい","もんだい","opgave","11","l11-home-1","B","11-1-B","core","true","true"
"vocab-れんしゅう","れんしゅう","oefening","11","l11-home-1","B","11-1-B","core","true","true"
"vocab-ただしい","ただしい","juist","11","l11-home-1","B","11-1-B","core","true","true"
"vocab-まちがい","まちがい","fout","11","l11-home-1","B","11-1-B","core","true","true"
"vocab-もういちど","もういちど","nog een keer","11","l11-home-1","B","11-1-B","core","true","true"
"vocab-せつめい","せつめい","uitleg","11","l11-home-2","A","11-2-A","core","true","true"
"vocab-ぶん","ぶん","zin","11","l11-home-2","A","11-2-A","core","true","true"
"vocab-ことば","ことば","woord","11","l11-home-2","A","11-2-A","core","true","true"
"vocab-いみ","いみ","betekenis","11","l11-home-2","A","11-2-A","core","true","true"
"vocab-みつけます","みつけます","vinden","11","l11-home-2","A","11-2-A","core","true","true"
"vocab-よんでください","よんでください","lees alstublieft","11","l11-home-2","B","11-2-B","core","true","true"
"vocab-ページ","ページ","pagina","11","l11-home-2","B","11-2-B","core","true","true"
"vocab-タイトル","タイトル","titel","11","l11-home-2","B","11-2-B","core","true","true"
"vocab-もじ","もじ","teken / letter","11","l11-home-2","B","11-2-B","core","true","true"
"vocab-しるし","しるし","markering","11","l11-home-2","B","11-2-B","core","true","true"
"vocab-きいてください","きいてください","luister alstublieft","11","l11-home-3","A","11-3-A","core","true","true"
"vocab-おと","おと","geluid","11","l11-home-3","A","11-3-A","core","true","true"
"vocab-おんせい","おんせい","audio / stemgeluid","11","l11-home-3","A","11-3-A","core","true","true"
"vocab-ゆっくり","ゆっくり","langzaam","11","l11-home-3","A","11-3-A","core","true","true"
"vocab-くりかえします","くりかえします","herhalen","11","l11-home-3","A","11-3-A","core","true","true"
"vocab-うめてください","うめてください","vul alstublieft in","11","l11-home-3","B","11-3-B","core","true","true"
"vocab-くうらん","くうらん","open vak","11","l11-home-3","B","11-3-B","core","true","true"
"vocab-かいてください","かいてください","schrijf alstublieft","11","l11-home-3","B","11-3-B","core","true","true"
"vocab-きごう","きごう","symbool","11","l11-home-3","B","11-3-B","core","true","true"
"vocab-まる","まる","cirkel","11","l11-home-3","B","11-3-B","core","true","true"
"vocab-じゅんばん","じゅんばん","volgorde","11","l11-home-4","A","11-4-A","core","true","true"
"vocab-ならべます","ならべます","op volgorde zetten","11","l11-home-4","A","11-4-A","core","true","true"
"vocab-さいしょ","さいしょ","eerst","11","l11-home-4","A","11-4-A","core","true","true"
"vocab-つぎ","つぎ","volgende","11","l11-home-4","A","11-4-A","core","true","true"
"vocab-おわり","おわり","einde","11","l11-home-4","A","11-4-A","core","true","true"
"vocab-ぜんぶ","ぜんぶ","alles","11","l11-home-4","B","11-4-B","core","true","true"
"vocab-あと","あと","erna","11","l11-home-4","B","11-4-B","core","true","true"
"vocab-すすめます","すすめます","verdergaan","11","l11-home-4","B","11-4-B","core","true","true"
"vocab-はじめます","はじめます","beginnen","11","l11-home-4","B","11-4-B","core","true","true"
"vocab-かくにん","かくにん","controleren","11","l11-home-4","B","11-4-B","core","true","true"
"vocab-りょこう","りょこう","reis","11","l11-home-5","A","11-5-A","core","true","true"
"vocab-じゅんび","じゅんび","voorbereiding","11","l11-home-5","A","11-5-A","core","true","true"
"vocab-しゅっぱつ","しゅっぱつ","vertrek","11","l11-home-5","A","11-5-A","core","true","true"
"vocab-にもつ","にもつ","bagage","11","l11-home-5","A","11-5-A","core","true","true"
"vocab-ひこうき","ひこうき","vliegtuig","11","l11-home-5","A","11-5-A","core","true","true"
"vocab-くうこう","くうこう","luchthaven","11","l11-home-5","B","11-5-B","core","true","true"
"vocab-あんないじょ","あんないじょ","informatiebalie","11","l11-home-5","B","11-5-B","core","true","true"
"vocab-ひょうじ","ひょうじ","aanduiding / display","11","l11-home-5","B","11-5-B","core","true","true"
"vocab-でぐち","でぐち","uitgang","11","l11-home-5","B","11-5-B","core","true","true"
"vocab-のりば","のりば","instapplek / perron","11","l11-home-5","B","11-5-B","core","true","true"
"vocab-きっぷ","きっぷ","kaartje","13","l13-1","B","13-1-B","core","true","true"
"vocab-いきさき","いきさき","bestemming","13","l13-1","B","13-1-B","core","true","true"
"vocab-ばんせん","ばんせん","spoor","13","l13-1","B","13-1-B","core","true","true"
"vocab-こちら","こちら","deze kant","12","l12-1","A","12-1-A","core","true","true"
"vocab-かたみち","かたみち","enkele reis","13","l13-2","A","13-2-A","core","true","true"
"vocab-おとな","おとな","volwassene","13","l13-2","A","13-2-A","core","true","true"
"vocab-きっぷうりば","きっぷうりば","kaartjesloket","13","l13-2","B","13-2-B","core","true","true"
"vocab-まどぐち","まどぐち","loket","12","l12-4","B","12-4-B","core","true","true"
"vocab-まがります","まがります","afslaan","13","l13-3","A","13-3-A","core","true","true"
"vocab-かいだん","かいだん","trap","13","l13-3","A","13-3-A","core","true","true"
"vocab-ちか","ちか","ondergronds","13","l13-3","B","13-3-B","core","true","true"
"vocab-ちじょう","ちじょう","bovengronds","13","l13-3","B","13-3-B","core","true","true"
"vocab-ちかてつ","ちかてつ","metro","13","l13-3","B","13-3-B","core","true","true"
"vocab-いりぐち","いりぐち","ingang","12","l12-1","B","12-1-B","core","true","true"
"vocab-でます","でます","vertrekken","12","l12-3","A","12-3-A","core","true","true"
"vocab-はやい","はやい","vroeg / snel","13","l13-4","A","13-4-A","core","true","true"
"vocab-おそい","おそい","laat / langzaam","13","l13-4","A","13-4-A","core","true","true"
"vocab-じ","じ","uur","13","l13-4","A","13-4-A","core","true","true"
"vocab-ふん","ふん","minuut","13","l13-4","A","13-4-A","core","true","true"
"vocab-おくれ","おくれ","vertraging","13","l13-4","B","13-4-B","core","true","true"
"vocab-てんじ","てんじ","display","13","l13-4","B","13-4-B","core","true","true"
"vocab-ばん","ばん","nummer","13","l13-4","B","13-4-B","core","true","true"
"vocab-まちます","まちます","wachten","12","l12-5","A","12-5-A","core","true","true"
"vocab-つきます","つきます","aankomen","13","l13-5","A","13-5-A","core","true","true"
"vocab-のりかえ","のりかえ","overstap","13","l13-5","A","13-5-A","core","true","true"
"vocab-じかん","じかん","tijd","13","l13-5","A","13-5-A","core","true","true"
"vocab-うんてんしゅ","うんてんしゅ","chauffeur","13","l13-5","B","13-5-B","core","true","true"
"vocab-おりば","おりば","uitstapplek","13","l13-5","B","13-5-B","core","true","true"
"vocab-しゅうてん","しゅうてん","eindhalte","13","l13-5","B","13-5-B","core","true","true"
"vocab-ホテルまえ","ホテルまえ","voor het hotel","13","l13-5","B","13-5-B","core","true","true"
"vocab-フロント","フロント","receptie","14","l14-1","A","14-1-A","core","true","true"
"vocab-よやく","よやく","reservering","14","l14-1","A","14-1-A","core","true","true"
"vocab-なまえ","なまえ","naam","14","l14-1","A","14-1-A","core","true","true"
"vocab-あります","あります","er is","14","l14-1","A","14-1-A","core","true","true"
"vocab-パスポート","パスポート","paspoort","14","l14-1","B","14-1-B","core","true","true"
"vocab-みせます","みせます","laten zien","14","l14-1","B","14-1-B","core","true","true"
"vocab-よやくばんごう","よやくばんごう","reserveringsnummer","14","l14-1","B","14-1-B","core","true","true"
"vocab-おねがいします","おねがいします","alstublieft","14","l14-1","B","14-1-B","core","true","true"
"vocab-へや","へや","kamer","14","l14-2","A","14-2-A","core","true","true"
"vocab-かい","かい","verdieping","14","l14-2","A","14-2-A","core","true","true"
"vocab-エレベーター","エレベーター","lift","14","l14-2","A","14-2-A","core","true","true"
"vocab-ばんごう","ばんごう","nummer","12","l12-3","A","12-3-A","core","true","true"
"vocab-かぎ","かぎ","sleutel","14","l14-2","B","14-2-B","core","true","true"
"vocab-カード","カード","kaart","14","l14-2","B","14-2-B","core","true","true"
"vocab-つかいます","つかいます","gebruiken","14","l14-2","B","14-2-B","core","true","true"
"vocab-ひらきます","ひらきます","opengaan","14","l14-2","B","14-2-B","core","true","true"
"vocab-ドア","ドア","deur","14","l14-2","B","14-2-B","core","true","true"
"vocab-トイレ","トイレ","toilet","14","l14-3","A","14-3-A","core","true","true"
"vocab-できます","できます","kunnen","14","l14-3","A","14-3-A","core","true","true"
"vocab-かりる","かりる","lenen","14","l14-3","A","14-3-A","core","true","true"
"vocab-タオル","タオル","handdoek","14","l14-3","A","14-3-A","core","true","true"
"vocab-きんえん","きんえん","niet roken","14","l14-3","B","14-3-B","core","true","true"
"vocab-じはんき","じはんき","automaat","14","l14-3","B","14-3-B","core","true","true"
"vocab-あんない","あんない","informatie","14","l14-3","B","14-3-B","core","true","true"
"vocab-あずけます","あずけます","in bewaring geven","14","l14-4","A","14-4-A","core","true","true"
"vocab-あずかります","あずかります","bewaren","14","l14-4","A","14-4-A","core","true","true"
"vocab-あとで","あとで","later","14","l14-4","A","14-4-A","core","true","true"
"vocab-あさ","あさ","ochtend","14","l14-4","B","14-4-B","core","true","true"
"vocab-よる","よる","avond","14","l14-4","B","14-4-B","core","true","true"
"vocab-あいています","あいています","open zijn","14","l14-4","B","14-4-B","core","true","true"
"vocab-しめます","しめます","sluiten","14","l14-4","B","14-4-B","core","true","true"
"vocab-とまります","とまります","overnachten","14","l14-5","A","14-5-A","core","true","true"
"vocab-ひとばん","ひとばん","één nacht","14","l14-5","A","14-5-A","core","true","true"
"vocab-あさごはん","あさごはん","ontbijt","14","l14-5","A","14-5-A","core","true","true"
"vocab-ひつよう","ひつよう","nodig","14","l14-5","B","14-5-B","core","true","true"
"vocab-さがします","さがします","zoeken","14","l14-5","B","14-5-B","core","true","true"
"vocab-ねだん","ねだん","prijs","15","l11-1","B","15-1-B","core","true","true"
"vocab-えん","えん","yen","15","l11-1","B","15-1-B","core","true","true"
"vocab-やすい","やすい","goedkoop","15","l11-1","B","15-1-B","core","true","true"
"vocab-セール","セール","uitverkoop","15","l11-1","B","15-1-B","core","true","true"
"vocab-にんじん","にんじん","wortel","15","l11-2","A","15-2-A","core","true","true"
"vocab-ぎゅうにゅう","ぎゅうにゅう","melk","15","l11-2","A","15-2-A","core","true","true"
"vocab-うりば","うりば","afdeling","15","l11-2","B","15-2-B","core","true","true"
"vocab-レジ","レジ","kassa","15","l11-2","B","15-2-B","core","true","true"
"vocab-ちかい","ちかい","dichtbij","15","l11-2","B","15-2-B","core","true","true"
"vocab-ならびます","ならびます","in de rij staan","12","l12-2","A","12-2-A","core","true","true"
"vocab-とりにく","とりにく","kippenvlees","15","l11-3","A","15-3-A","core","true","true"
"vocab-おいしい","おいしい","lekker","15","l11-3","A","15-3-A","core","true","true"
"vocab-しょうひん","しょうひん","product","15","l11-3","B","15-3-B","core","true","true"
"vocab-ラベル","ラベル","etiket","15","l11-3","B","15-3-B","core","true","true"
"vocab-あたらしい","あたらしい","nieuw","15","l11-3","B","15-3-B","core","true","true"
"vocab-いろ","いろ","kleur","15","l11-3","B","15-3-B","core","true","true"
"vocab-ふくろ","ふくろ","tas / zak","15","l11-4","A","15-4-A","core","true","true"
"vocab-おもい","おもい","zwaar","15","l11-4","A","15-4-A","core","true","true"
"vocab-かるい","かるい","licht van gewicht","15","l11-4","A","15-4-A","core","true","true"
"vocab-はこびます","はこびます","dragen","15","l11-4","A","15-4-A","core","true","true"
"vocab-はらいます","はらいます","betalen","15","l11-4","B","15-4-B","core","true","true"
"vocab-げんきん","げんきん","contant geld","15","l11-4","B","15-4-B","core","true","true"
"vocab-おつり","おつり","wisselgeld","15","l11-4","B","15-4-B","core","true","true"
"vocab-わすれます","わすれます","vergeten","15","l11-5","A","15-5-A","core","true","true"
"vocab-りょうしゅうしょ","りょうしゅうしょ","kassabon","15","l11-5","B","15-5-B","core","true","true"
"vocab-ごうけい","ごうけい","totaal","15","l11-5","B","15-5-B","core","true","true"
"vocab-とうちゃく","とうちゃく","aankomst","12","l12-1","A","12-1-A","core","true","true"
"vocab-ターミナル","ターミナル","terminal","12","l12-1","A","12-1-A","core","true","true"
"vocab-ひこうじょう","ひこうじょう","luchthaven","12","l12-1","A","12-1-A","core","true","true"
"vocab-つきました","つきました","aangekomen","12","l12-1","A","12-1-A","core","true","true"
"vocab-あんないばん","あんないばん","informatiebord","12","l12-1","B","12-1-B","core","true","true"
"vocab-にゅうこく","にゅうこく","immigratie / binnenkomst","12","l12-2","A","12-2-A","core","true","true"
"vocab-てつづき","てつづき","procedure","12","l12-2","A","12-2-A","core","true","true"
"vocab-すすみます","すすみます","verdergaan","12","l12-2","A","12-2-A","core","true","true"
"vocab-ゆうどう","ゆうどう","routegeleiding","12","l12-2","B","12-2-B","core","true","true"
"vocab-ゆか","ゆか","vloer","12","l12-2","B","12-2-B","core","true","true"
"vocab-うけとります","うけとります","in ontvangst nemen","12","l12-3","A","12-3-A","core","true","true"
"vocab-ベルト","ベルト","band","12","l12-3","A","12-3-A","core","true","true"
"vocab-おおきい","おおきい","groot","12","l12-3","B","12-3-B","core","true","true"
"vocab-ちいさい","ちいさい","klein","12","l12-3","B","12-3-B","core","true","true"
"vocab-くろ","くろ","zwart","12","l12-3","B","12-3-B","core","true","true"
"vocab-あか","あか","rood","12","l12-3","B","12-3-B","core","true","true"
"vocab-しゅうりょう","しゅうりょう","klaar / afgerond","12","l12-4","A","12-4-A","core","true","true"
"vocab-でむかえ","でむかえ","ophalen / verwelkomen","12","l12-4","B","12-4-B","core","true","true"
"vocab-まちあい","まちあい","ontmoetingsplek","12","l12-4","B","12-4-B","core","true","true"
"vocab-よじ","よじ","vier uur","8","l8-5","","8-5","core","true","true"
"vocab-ごじ","ごじ","vijf uur","8","l8-5","","8-5","core","true","true"
"vocab-ろくじ","ろくじ","zes uur","8","l8-5","","8-5","core","true","true"
"vocab-しちじ","しちじ","zeven uur","8","l8-5","","8-5","core","true","true"
"vocab-はちじ","はちじ","acht uur","8","l8-5","","8-5","core","true","true"
"vocab-くじ","くじ","negen uur","8","l8-5","","8-5","core","true","true"
"vocab-じゅうじ","じゅうじ","tien uur","8","l8-5","","8-5","core","true","true"
"vocab-じゅういちじ","じゅういちじ","elf uur","8","l8-5","","8-5","core","true","true"
"vocab-じゅうにじ","じゅうにじ","twaalf uur","8","l8-5","","8-5","core","true","true"
"vocab-ごぜん","ごぜん","vóór twaalf uur (a.m.)","8","l8-5","","8-5","core","true","true"
"vocab-ごご","ごご","vanaf twaalf uur (p.m.)","8","l8-5","","8-5","core","true","true"
"vocab-ごふん","ごふん","vijf minuten","8","l8-minutes","","8-6","core","true","true"
"vocab-じゅうごふん","じゅうごふん","vijftien minuten","8","l8-minutes","","8-6","core","true","true"
"vocab-さんじゅっぷん","さんじゅっぷん","dertig minuten","8","l8-minutes","","8-6","core","true","true"
"vocab-よんじゅうごふん","よんじゅうごふん","vijfenveertig minuten","8","l8-minutes","","8-6","core","true","true"
"vocab-はん","はん","halfuur na het genoemde uur","8","l8-minutes","","8-6","core","true","true"
